Symbol,MarketCap
ESGRO,115500.0
AGNCN,339560.0
FTEO,357164.28
ESGRP,423840.0
ASRVP,600600.0
OASM,724114.08
DWMC,1112500.0
BNTC,1221553.36
SFET,1265533.2
SINT,1285811.19
CETXP,1688354.4
JFKKW,1840000.0
FKO,1850037.0
BLIN,1882271.16
BCNA,1935019.35
PSTV,1980724.05
FPXE,1982039.64
VISL,2018815.898
CUR,2139663.92
FTXR,2229044.58
IMRN,2280341.4
MTFB,2483117.4116
EBIZ,2578392.135
BKCH,2613270.0
HBANN,2669000.0
INPX,2736834.7528
TNXP,2799002.1119999997
DCAR,2895939.253
EQRR,2905636.32
LMFA,2914000.0
ANY,2967000.0
FHK,3029060.58
FTXG,3058540.78
SNDE,3062417.1
MTSL,3079203.7081
MTP,3092996.48
CNTF,3121364.41
MDGS,3146284.65
GLG,3244351.3984
DFVS,3332562.26
NURO,3419701.548
ECOW,3433500.0
HEPA,3495549.39
DMPI,3578104.4391
SQLV,3629975.8
JMU,3665782.15
XSPA,3704487.13
STPP,3803625.0
SES,3892683.542
SGBX,3905664.9291
CETX,3924307.62
KZIA,3995102.9472
DTUS,4031687.5
NGHCO,4083750.0
PLL,4168419.75
MARPS,4180000.0
FDNI,4180041.8
AFH,4356994.05
SCON,4402637.4609
DWAT,4420000.0
TCCO,4533487.35
XTLB,4622053.05
CHNA,4646812.5
CCCL,4689270.3
SDVY,4727537.82
FLAT,4786984.0524
OPGN,4790812.98
ABIL,4822632.6939
GNOM,4856095.05
IPWR,4858537.2
ATIS,4873736.33
NGHCN,4936280.0
OSN,4943479.2
SPEX,4967828.31
PVAL,4970024.85
AEMD,4995583.555
LRGE,5073101.46
DLBS,5225123.995
CREG,5249107.6982
DFVL,5262392.0
NAKD,5288628.93
DTUL,5435843.485
PRTO,5581837.29
DTYL,5586754.9059
NVIV,5611932.563999999
XBIO,5716297.14
USEG,5728414.5963
OXBR,5733587.0
OPHC,5782737.0
GENE,5831083.96
RNSC,5864889.098999999
WWR,5871946.76
ARCI,5930977.5
AHPI,6020305.5
EARS,6056286.32
VIVE,6059716.52
YVR,6071444.35
FFHL,6074456.82
APOP,6104956.2308
MOSY,6121848.8736
GHSI,6129022.2352
KBSF,6167032.4901
IDSA,6243866.8365
NNDM,6333807.5644
EFOI,6364380.435
CTRM,6480000.0
AKER,6498808.16
CHFS,6514129.44
SGLB,6571304.072000001
MICT,6605719.2
SNOA,6670839.7779
HIHO,6702703.862000001
ESEA,6758448.3
KOOL,6763654.04
AMCA,6860000.0
BVSN,6881214.9403
EWJV,6894660.0
TRIL,6914375.7246
CGIX,6932142.8363
TAPR,6939382.68
FTXH,6972039.84
RELV,7317621.31
BURG,7327453.356000001
TENX,7369942.51
FRSX,7465639.59
GLBS,7513905.54
ATHE,7514930.5
FTRI,7576121.646000001
SUMR,7576359.6112
FTXD,7602078.4402
TROV,7732984.88
CPAH,7737870.4
RVLT,7817383.2
TTTN,7886611.2
MYT,7972795.77
ADXS,8028450.45
LEDS,8087845.3025
USOI,8114370.0
RTTR,8134522.62
GNUS,8141165.527000001
CYCC,8187187.624
OPTT,8195880.74
CLWT,8227016.91
SKYS,8245812.3327
ABIO,8253002.52
APEX,8258409.0587
PHIO,8260861.8456
FTXN,8310530.22
IGLD,8316946.242000001
FKU,8341691.732999999
CHCI,8350799.95
FDTS,8379892.0386
DEST,8433228.1466
JAGX,8456065.52
SMIT,8519454.775
QBAK,8683845.24
FORTY,8698577.08
FTLB,8726043.63
DRAD,8803144.83
TWMC,8926926.1618
FCA,8977044.885
EVOL,8999501.86
ANTE,9035549.0
TSRI,9064726.44
ARTW,9313015.04
TRPX,9424346.6
EYEG,9459445.1327
GEMP,9482649.2536
RBZ,9519604.92
ORG,9520023.8
WHLRP,9540000.0
DFFN,9574311.6
TLSA,9683239.2228
ARTL,9718456.2629
MCEF,9785039.14
REXN,9806704.04
LIFE,9880060.4
CNAT,9884805.126
KTOV,9892039.052000001
SLIM,9948000.0
TTNP,9983099.7
ASET,10042578.693
LDRI,10100000.0
DNJR,10148062.915
AVGR,10215694.35
LYL,10279253.7
SINO,10293163.98
NVUS,10317178.4
NDRA,10317472.38
FORD,10444333.7705
CAPR,10459912.4
CYAD,10470963.555
ERYP,10475913.6
VXRT,10497513.775
SSNT,10607379.384
ADRU,10789185.0
APDN,10793481.2293
FWP,10795227.9
DRIV,11001800.42
CARV,11093742.0
FRED,11195470.0125
TOPS,11212879.7366
WHLR,11389593.425
RNMC,11434376.5794
NAOV,11439321.92
ISIG,11446581.1187
BNSO,11639381.0
TBLT,11758573.6808
ONCY,11808391.1
RGLS,11870043.66
RNEM,11952595.62
DYNT,11953266.06
FRAN,12071365.9
BOSC,12094086.04
WAFU,12168000.0
YTEN,12244836.38
EDNT,12288000.0
GNMX,12461148.0968
BKYI,12462293.88
LIVE,12479460.64
NXTD,12565636.9491
IKNX,12578899.7048
MARA,12579247.85
STAF,12707383.92
HYXE,12750000.0
ELSE,12869024.59
MCEP,12902394.9978
OTIV,12913867.8125
CPSH,12944608.0236
NVLN,12990650.4
ACT,13073555.0
SHIP,13133160.506
SUNW,13180644.66
DLPN,13299135.8318
ADOM,13317596.9577
DARE,13346728.8
PY,13491029.98
DXYN,13491280.312
RCON,13506708.285
JASN,13511557.917000001
ASTC,13517031.06
KOSS,13550840.73
SAEX,13558602.52
DGLY,13649204.2317
ONTX,13676634.72
AMRH,13812205.355999999
FLAG,13849240.0
GNPX,13884680.85
NCTY,13900203.29
CLDC,13903260.4798
WORX,13935485.04
TYHT,14061565.4256
HLAL,14130000.0
NETE,14174776.33
MYOS,14214519.9
AWSM,14221873.32
MYSZ,14224612.164
ELTK,14235871.0
PSCM,14264145.0
MREO,14338308.0
TTPH,14339565.24
ASLN,14365216.32
ICON,14448031.42
IZEA,14489779.5
DAX,14490144.9
ACHV,14494995.77
SCKT,14568357.7156
FLN,14841414.577
IMMP,14936601.15
OBLN,15024260.11
MRIN,15043290.0
CYAN,15077329.92
JRJC,15083426.685
DGLD,15507317.7
SPCB,15556672.56
TCON,15567477.64
SGRP,15586596.3176
FAMI,15607056.0
PETZ,15642072.5014
BSQR,15661791.48
CHEK,15817023.1938
DRIO,15965499.3045
EDRY,16005038.4
TUSA,16052914.2114
FID,16059932.1198
CBLI,16124846.7008
SITO,16154341.56
VTSI,16254063.0
ADIL,16255681.41
PULM,16288384.8
CARZ,16415139.6912
PRPO,16452096.3
VLRX,16462569.7
LLIT,16504924.5634
BIMI,16509770.02
RNLC,16515044.04
SEED,16524581.48
ALRN,16594440.6186
HNDL,16749348.83
PIXY,16797777.648
NTEC,17027721.64
FCSC,17125872.66
RAND,17385467.0
ADRA,17412000.0
HSGX,17529306.0653
KIRK,17563543.52
DVLU,17680035.36
ITMR,17843398.56
BFIT,17864382.4446
AMTX,17896062.69
HJLI,17922129.0
POAI,18101536.3
CREX,18121581.96
TAIT,18239510.4
VICL,18339262.1062
CUI,18358399.144
LPTH,18459516.3145
VVPR,18634658.88
HTBX,18739515.1652
ANCN,18759317.25
BIOC,18867464.0
AEY,18909357.9
MINDP,18920580.0
SQBG,18967417.52
PSCE,19106080.0
SGMA,19176136.16
CDMOP,19198200.0
DYSL,19317430.0
ACTTW,19357500.0
MDRR,19559587.84
HDSN,19597118.26
VALX,19643415.0
AREX,19669528.41
SYPR,19718672.737999998
ATOS,19800668.44
CLRB,19825635.96
WISA,19859389.515
LKOR,20168807.625
SNGX,20172127.7
BNGO,20214903.31
GENY,20265501.8463
EVOK,20320830.7212
DTYS,20381208.4355
EFAS,20443577.0
VTGN,20459023.2
SAVA,20490967.0
CHIC,20579955.9393
SLRX,20647325.46
USAU,20731216.0
BWAY,20886649.65
LNGR,20924435.04
OLD,21000030.0
SLVO,21000341.7522
YLCO,21048606.7374
CODX,21056082.18
NVFY,21130887.897
DVCR,21149487.0716
HHT,21150609.3
NVCN,21246576.76
TAOP,21293507.1137
PXS,21376092.85
BASI,21610115.1
PTNR,21625995.56
MKGI,21772054.68
FBIOP,21775000.0
ACER,21889577.71
WVVIP,22026916.031999998
RETO,22113616.0
CNET,22150368.0328
PFIN,22195298.6
JVA,22221702.51
PSCD,22266480.0
SAUC,22366869.2156
FMK,22444569.06
IMTE,22457590.4684
WSTL,22560293.35
CVV,22615267.5
ONCS,22719823.6
FTEK,22832361.856
ZKIN,22850091.06
RWLK,22960696.5
CSSEP,23017534.82
AYTU,23032996.0875
DTSS,23036136.2154
IUSS,23037021.94
EMIF,23052000.0
BLRX,23178963.5
LTBR,23193217.368
NEON,23261446.56
CTXR,23621085.67
GTIM,23702644.98
PRPH,23814127.36
FSEA,24090660.0
MBOT,24122929.6
GULF,24132720.0
FTXL,24180064.48
ENTX,24180135.8
AGND,24264000.0
ISEM,24568238.3983
UBIO,24585182.7
IFEU,24590930.0
EPIX,24650267.04
JAKK,24667919.9625
SPI,24674012.5
MTBCP,24802990.31
RBCN,24983008.5
BIS,25271512.14
GIGM,25421245.7235
PSET,25687936.696999997
AZRX,25842756.06
AIHS,25924385.96
DSLV,25930022.16
RFAP,26015094.6
ATAI,26066053.44
OHAI,26074833.8992
MGEN,26174185.3563
BWEN,26218281.3012
CLBS,26316225.1
ARPO,26329438.1948
RNDM,26340035.7816
AUTO,26425130.31
ISNS,26469240.43
OSS,26533464.66
BBC,26637906.5512
PEIX,26877046.32
DMAC,27022535.24
SNNA,27044099.25
ZN,27093641.5611
EMXC,27180000.0
FPA,27349402.094
OCC,27372702.915
FPXI,27375073.0
GOODP,27461300.0
PECK,27522566.1
LLEX,27562015.5
APWC,27639338.0
SOHON,27718956.0
BOXL,27740869.16
BGRN,27892500.0
GRID,28039893.466
CSA,28160360.9653
HAIR,28191338.28
ALTY,28238649.84
FPAY,28265908.8
NVTR,28616475.2
PMTS,28619996.4
MARK,28734476.0411
KMPH,28804451.59
BMRA,29001564.0
VIIX,29036887.98
SMMT,29042117.01
IDXG,29044267.2952
DCIX,29062033.426
SPRT,29096330.24
PBTS,29254738.24
AEHR,29556277.64
BCDA,29639327.9
EVSI,29640204.0
PIH,29642325.2436
GLBZ,29651127.3
BIOL,29738027.92
IMBI,29744705.2364
DDIV,29748049.58
TMSR,29753456.4264
FTFT,29776399.68
INNT,29783680.99
HTGM,29869000.72
GEVO,30070375.72
ADRD,30075000.0
QUMU,30116672.0
AESE,30160334.61
SPHS,30217140.0
PHCF,30381103.8758
ENG,30424996.77
CLIR,30440397.5161
IMAC,30632744.99
AFINP,30636000.0
GROW,30864636.96
GOODO,31107500.0
ALT,31136140.0
DAIO,31146616.54
CBAT,31428062.82
TC,31464000.0
STRM,31604076.0
EDSA,31693754.52
OBCI,31751143.41
CFRX,31771763.3556
PEZ,31944000.0
BCYC,31999895.4
PAVM,32004610.0
DWSH,32152500.0
SELF,32170982.5299
CLDX,32289998.6
XELB,32347033.74
NHLD,32412203.3116
ACRS,32523697.7088
HYND,32580000.0
PDSB,32618168.1
FORK,32697533.7
WBND,32700000.0
PXI,32733450.0
SRRA,32855375.6917
ZFGN,32885864.88
SIFY,32909868.8
MBSD,32911363.5081
BHTG,32945091.9644
BVXV,32963934.87
HYRE,33171326.12
INOD,33219141.12
SLS,33220910.289
TTOO,33294793.6272
WVFC,33433291.2
HGSH,33503685.0
FCEL,33505639.425
APVO,33688820.780999996
IFMK,33766754.48
MLNT,33826699.86
FSBC,33838917.7248
BPTH,33863017.76
LPTX,33894706.59
SOHOO,34141560.25
EMCG,34237500.0
GLDI,34328962.6674
WVVI,34362980.3793
CLSN,34615796.8
MDJH,34631947.82
PTI,34798381.0656
HEBT,34816894.78
QRHC,34843312.2947
FCAL,34911607.42
JSML,35061888.8475
CNCR,35226000.0
ONVO,35266650.6341
SNES,35330641.25
CDTX,35333745.48
AEZS,35347634.0
CNFR,35465798.61
ESG,35696130.4925
SEEL,35735098.95
OMEX,35806265.72
VVUS,35865942.81
CJJD,35901096.74
INFR,36034412.5938
EMCB,36300000.0
CLUB,36359697.4
FCEF,36401750.0
AIQ,36427373.1195
POLA,36616800.38
EAST,36649252.0
FVE,36877771.7
GURE,37072092.475999996
MTEX,37113056.97
TLGT,37156794.63
VRNA,37336741.225
HSON,37532800.0
BBP,37594350.3768
TAYD,37606541.46
CUBA,37660666.26
DTEA,37788138.25
PUYI,37900797.08
TRMT,38176905.54
IRIX,38246934.2
LAZY,38291668.16
HX,38468170.86
CTIC,38497873.4
DAVE,38672183.85
ALIM,38695269.775
WTER,38787093.0
JCS,38791105.6
BGFV,39032281.8
CIFS,39142112.76
DXGE,39614000.0
LEGR,39738356.769
DWIN,39835025.7
OTEL,39959115.24
MESO,40016356.56
RAVE,40240400.37
SMRT,40372860.36
SOHOB,40535936.0
RCMT,40551801.11
TEDU,40609773.89
CEY,40689957.0307
CTHR,40694457.98
VBIV,40773328.3503
GSUM,40870766.44
OTTW,40888433.4936
ESTR,40949385.6
ECOR,41184022.27
OCCI,41334348.0
LMRKP,41374079.53
ICCC,41455171.25
PMD,41707998.36
TRIB,41990068.75
RUHN,42000000.0
AEYE,42108253.0
TANH,42125733.32
DSWL,42175383.35
PRTS,42268959.4212
VERB,42388597.2
EVGN,42494590.05
CHNR,42664925.8332
JFIN,42665000.0
RIOT,42871792.6
KEQU,43092641.03
EEI,43108198.65
CEZ,43151441.19
SUSC,43395000.0
VBLT,43416164.88
GVP,43891887.28
MNDO,43987359.72
RKDA,44182307.7
UAE,44200000.0
QUIK,44200951.34
LWAY,44226095.2
MIND,44268656.35
FAT,44277558.75
SRAX,44412917.88
BCOM,44729574.0
FEUZ,44794946.6718
MSVB,44850165.68
FUV,44954225.25
PESI,45020264.48
PRCP,45232559.61
QLC,45305432.361
CLSD,45311737.2
OIIM,45387949.12
BCOW,45401862.87
VTNR,45574654.077
MHLD,45686374.25
PPSI,45811736.25
ISEE,46039936.2
PSCC,46056205.0
LINC,46180520.31
DWAQ,46210640.0
FAAR,46424053.056
DWSN,46443310.0
TLF,46456924.8
BMLP,46870000.0
CPST,47032785.13
BLPH,47049539.142
AAME,47133786.96
CIDM,47154547.5
USIO,47180000.0
LDSF,47219041.06
QAT,47270000.0
MBRX,47451650.4
KGJI,47601721.44
DWPP,47664059.58
PSCU,47927500.0
AKTX,48060624.56
BLCM,48104329.52
SYNC,48322297.44
TATT,48490595.7
EVK,48840462.0
SALM,49240887.6
RFEU,49311109.58
FNK,49566461.958000004
IRCP,49909894.65
FLL,50453273.2
LMRKN,50600000.0
HSDT,50742418.97
WHLRD,50948999.4
HOTH,50995243.44
ESBK,51019723.75
AMR,51152059.2353
BYFC,51298925.84
PFSW,51301562.4
BKEP,51424994.88
ASNA,51644764.0625
ZSAN,51751273.88
EDUC,51875243.85
DLHC,51875853.91
LPCN,51924549.38
FLLCU,51936420.0
BCTF,51983256.0
CRWS,52215871.8
PYZ,52221500.0
GLADN,52495200.0
SDG,52528635.0
VRML,52531573.35
RAIL,52577104.32
CFBK,52972468.7172
GNFT,53047955.32
ASFI,53441852.35
RMCF,53620853.076000005
SLGG,53978972.85
XAIR,54021026.752
BTEC,54037532.75
PHUN,54443599.0
AIRT,54513623.3416
UMRX,54515067.82
INAP,54837717.3
REKR,54851583.55
FYT,54985062.84
PLXP,55170028.7
MBINP,55200000.0
NGHCP,55273900.0
ROBT,55422061.58
SLNO,55638261.0
SMED,56175945.24
PSCI,56268000.0
SURF,56273160.0
YI,56295801.0
NLNK,56342056.2
PDEX,56384609.73
CPHC,56425044.6
SHOS,56755330.0
SCYX,56822377.26
MTBC,56917234.66
EYEN,57116424.84
KTCC,57133900.8
FNJN,57184172.28
FUSB,57386065.1
CBMB,57555200.0
CNAC,57699345.6
ENT,57799898.234
AREC,58057330.53
ORMP,58060419.06
PSTI,58645925.16
IMI,58714704.32
LOAN,58817079.93
CTG,58931173.2
GRNQ,59101800.12
ARTX,59196832.8
EKSO,59252957.0237
GLAC,59381140.0
TURN,59442183.42
OTLK,59572651.24
DXJS,59718790.0
WSTG,59792382.54
SVVC,60198293.712
PFIE,60260197.5
IDLB,60591535.08
HCAP,60700330.0
TIGR,60846500.0
CRIS,61757340.06
CAAS,62050514.31
OPNT,62151041.4
DGRE,62176240.0
LONE,62324236.86
PBHC,62376455.25
INMB,62422343.4
MRNS,62568811.27
MMDM,62591634.15
NMCI,62631611.0
LMRKO,62683731.75
PFMT,62715307.88
EQ,62728211.96
BRQS,62919733.5
SORL,62934042.46
AGTC,63054445.7
RNWK,63098096.1044
KFFB,63171874.7115
NH,63314659.8343
NOVN,63349453.62
SLNG,63551563.0464
AWRE,63639606.6
HBP,63702333.6
CWBR,63929835.2
FMHI,63971986.6198
KRMA,64035622.7784
BLCN,64250392.1553
EMMS,64367350.6
TUES,64460183.64
UBCP,64513306.4893
LMB,64584473.85
NICK,64612450.2
CSBR,64837022.04
ALPN,64999035.5
CACG,65133190.32
IDRA,65186373.28
FFBW,65349210.84
BOTJ,65378806.352
ALJJ,65392660.6695
PPIH,65599781.38
TGEN,66024044.868
TRNX,66050007.3864
DWTR,66162001.5057
DALI,66162539.5
VUZI,66167240.0
AIRR,66339049.14
ADMP,66353157.72
AQB,66976498.2
IFRX,66988097.82
ISHG,67133000.0
PFI,67617500.0
SBPH,67647127.05
MGYR,67862331.3902
KBWR,67932500.0
ZEAL,67965279.2
TMDI,68219019.03
UBOH,68683335.0
RESN,68714702.1
AGRX,68790466.16
NTWK,68871897.7
APEN,69089290.2
INTG,69145925.02
NEWA,69177600.0
OTIC,69183920.25
HPJ,69221220.38
ASV,69369006.0
HNNA,69444795.0965
ARKR,69462899.8164
OXLCM,69774492.1185
VIRC,69783382.44
USAK,70022322.72
AVNW,70124295.2
SEAC,70286325.12
VTVT,70288461.15
BLNK,70314634.72
MOTS,70476398.65
SREV,70590010.4643
ROSE,70813875.2
CATB,70864383.2
ONCT,70923762.04
FTR,71199184.7
REED,71361006.24
MAYS,71802083.6
ATOM,71881417.91
ASRV,71971229.7
ARAV,72223769.6
CLPS,72230382.9915
FTHI,72268129.74
OVID,72355943.66
KERN,72454687.5
NAII,72804229.41
VCNX,72810840.795
ZIV,72845850.0
SSBI,73119098.75
ORGS,73441377.1
NTRP,73571712.3
CFBI,73877496.3
MILN,74009811.72
NYMTP,74010000.0
JFK,74126450.0
RELL,74146720.0
RFIL,74414790.45
DOGZ,74501689.125
NTGN,74642277.22
MVIS,74756271.48
SXTC,74778762.8
ASYS,74902311.75
HHHH,75022450.0
TSCBP,75040000.0
CYRN,75211803.66
INFI,75275352.24
MOGO,75560234.51
FJP,75837089.22
IROQ,75918302.4
HWCC,76068481.74
NHTC,76148919.96
FAB,76213598.34
SELB,76437016.7
CSF,76530281.2
AMRB,76741964.0
ASPU,77206379.76
LTRX,77266937.36
SSKN,77322724.45
MNLO,77368422.56
COCP,77470582.7
FBSS,77553297.66
AGFS,77678469.45
STKS,78067010.65
WEBK,78593995.5
DXLG,79302768.45
FDIV,79568099.46
GNCA,79756551.45
CIL,79904177.5695
INVE,80097672.4
MTC,80280000.0
ESGG,80614094.84
CPSS,80788487.607
GECC,80934450.96
BCLI,80936941.31
STRT,81029619.738
AGZD,81072830.0
SGOC,81627179.94
AVDL,81731068.8
MDWD,81808305.39
ICLK,81811908.36
IEA,81889159.52
SOLO,82050778.2
RIBT,82407797.87
JRSH,82672500.0
CWBC,82741459.1814
SANW,83195547.5
NBSE,83265883.28
TRVN,83319732.2195
EMKR,83404330.6
ABUS,83569752.84
CID,83868605.781
ANIX,84004385.74
GMDA,84245131.67
KINS,84372556.5
MSBF,84463143.4
NEOS,84541467.5
ISSC,84545180.0
AXAS,84849302.622
CORV,84849591.12
TZAC,85047498.27
KXIN,85280474.01
FENC,85552069.0
ZVO,85635531.15
KBLM,85684575.35
PTMN,85918940.3
CPIX,86231071.5
FHL,86250000.0
LAKE,86309056.8
RNDB,86350674.48
KOPN,86608913.72
UONEK,86619078.64
TRVI,86676010.2
YIN,86798830.14
SNSS,86829600.0
RFEM,86982857.2358
UG,87062345.05
WSG,87108000.0
MACK,87174331.13
CSB,87205740.1516
TACT,87396051.6
SNFCA,87553535.0
CBIO,87596064.09
MITO,87894076.8
LSBK,88176772.0
SFBC,88208353.44
AQST,88343873.29
EXFO,88595940.99
EDAP,88908968.82
QQXT,88986604.69
IMOS,89132890.56
PT,89154324.48
SNSR,89376801.06
NYMTO,89568000.0
BBGI,89762848.42
ALSK,89934183.36
OESX,90063246.13
SPKEP,90345828.72
GOODM,90371041.25
KZR,90521060.85
EMCF,90730697.44
EPSN,90822793.5945
NCSM,91698815.6
OXLCO,91889817.412
SMTX,91903264.64
UONE,92147956.0
JSMD,92191895.2
AQMS,92280633.48
YRCW,92500370.25
CART,93015750.0
MLND,93299005.09
NTIC,93412468.48
RMBL,93787449.6
GRVY,93877813.53
RIVE,93968925.0
SKOR,94014052.23
ALNA,94097316.65
CKPT,94228976.4
HBIO,94354082.48
GEC,94504354.24
SVRA,94754562.8
MRAM,94847673.34
ETTX,95207029.0
SOHO,96001051.5
EWZS,96348000.0
ASUR,97196625.0
ITRM,97782528.49
DVOL,97855543.98
ATXI,97865149.77
CMFN,97925571.1
UTSI,97944921.25
AMRK,98334828.25
SND,98338951.06
CLDB,98521267.5
VSTM,98607113.71
CYBE,98733490.23
FEIM,98779363.02
VRTSP,99403700.0
SRTS,99419351.295
CIZ,99421143.92
PCYG,99952553.49
ATLC,100155537.9
TRCH,100201798.48
IDSY,100359018.78
CEMI,100650509.82
GIFI,101329388.3
SVBI,101453643.78
PCTI,101497615.74
LYTS,101935043.1
CIZN,102128471.745
LARK,102343693.48
SHLO,102411914.15
ASRT,102425471.84
TOCA,102758291.1
TA,102787028.29
HMNF,103098329.359
XNET,103105195.65
SAL,103153852.36
VLYPO,103160000.0
BKSC,103322698.6
ADRO,103380953.46
PBPB,103392431.25
TGA,103735161.53
YJ,103873559.22
EYES,104017121.0727
CGO,104048461.56
SECO,104238086.26
SBFG,104647383.7145
GLMD,104973044.89
ETON,104979595.95
GFED,105235430.6298
KBWP,105436500.0
GRIN,105613634.82
SHSP,106330140.56
AVEO,106348546.6448
FALN,106434000.0
EBMT,106621488.45
MAGS,106971410.7
MFIN,108037087.85
NCNA,108453103.59
CODA,108529399.08
STCN,108771864.96
QCLN,108917681.8914
FBIO,109087009.38
VERI,109117154.23
ICAD,109494718.2
VOXX,110105695.7
DGRS,110329235.0
IUS,110565024.3
APTX,110754790.3
MNTX,110813674.19
IVAC,110859305.92
USLB,111408055.86
TOUR,111462645.97
DINT,111561975.0
PRN,111605000.0
LMST,111685365.35
MEIP,111926022.2
TYME,111950937.0
CXDC,112087450.2
CSSE,112322031.7
GARS,112345464.0
SESN,112405144.56
SCPH,112414626.5
CYOU,112700482.56
ELGX,112897137.78
NLTX,113352434.65
MRBK,113403829.2
LQDA,114097865.04
III,114192829.97
CCNI,114286669.3
XONE,114408444.67
DWFI,114460485.0
SCOR,114825381.82
ZEUS,114876145.1
ACOR,114978172.58
AIRG,115125653.25
CRVS,115210368.0
SUSB,115524500.0
ABDC,115880094.0
PLBC,116606056.0
WATT,117341701.6
ICBK,117401994.6
LRAD,117585345.98
TESS,117846508.74
PTE,118277867.96
ARCT,119381480.4
PRGX,119452735.6
OPOF,119665550.0
ABEO,119837274.93
PNTR,119963224.4
SSSS,120435165.98
NYMX,120908280.0
CXSE,120948500.0
ADRE,121110000.0
RBKB,121352861.0
VSDA,122074934.1
MWK,122142920.13
BICK,122650049.06
RRD,123192000.0
ATIF,123240000.0
ADAP,124249218.64
FEMB,124312901.5002
BELFA,124396791.4
VERU,124873434.24
PSCF,125064000.0
CFMS,125681801.4
GLYC,125692182.9
WTRH,125761914.16
NK,125834059.52
UNB,126484946.74
RDCM,127214537.46
SOCL,127332636.51
STND,128269084.32
FGM,128792075.76
FLXS,128832984.96
IEUS,128912000.0
WRTC,129302340.0
HNRG,129768008.37
DSKE,129812364.66
CPTA,129851885.45
USAP,130147865.97
TZOO,130267091.4
TTS,130339328.0
FBZ,130400032.0
BSET,130434180.03
HEAR,130618114.16
GASS,130950684.87
CDOR,131075494.0
VLYPP,131209020.0
CIH,131226846.84
PXLW,131401791.5
KWEB,132430000.0
MRSN,132433633.52
OFED,132668470.3008
METC,133113842.42
BTAI,133244915.65
NYMTN,133380000.0
IMUX,133536396.42
CBFV,133663829.4
BHAT,134050000.0
REFR,134995477.05
ULBI,135085259.18
AVXL,135311838.97
JNCE,135554528.07
GAIA,135681085.98
LIVX,135935077.24
PRTK,135997432.78
FTXO,136071046.52
FEMS,136608592.461
MAMS,136865968.75
PTH,136904000.0
APTO,136953013.08
TWIN,137036877.3
GMLPP,137172000.0
FCCO,137203572.45
DFNL,137803750.0
ANDA,137838400.0
HWBK,138391003.8
INSUU,139351500.0
ARDX,139417929.18
OPBK,139423305.78
IMV,140195586.25
WILC,140389428.2651
ALYA,140652618.7
AVCO,140719488.54
AUBN,141031981.9304
PANL,141394918.98
VSMV,141833906.0
IDYA,142005151.08
BELFB,142009406.42
PERI,142534641.08
SYNL,142631145.34
SBBP,143051747.52
FCCY,143053446.63
EML,143428000.0
WRLS,143477944.44
PBIP,143554879.05
XFOR,144068730.06
BANX,144259742.0
NVAX,144490849.04
OPRA,144731283.0
FSFG,144774106.4
WTFCM,145050000.0
ESCA,145110369.02
YGYI,145390201.09
EYPT,145627975.04
XOMA,145663927.73
ACTG,145886654.61
FUNC,146094734.0
ALDX,146164709.1
SONM,146275215.02
FRAF,146519790.12
FNCB,147028605.57
BSGM,147273754.06
FSZ,147451593.62
GPAQ,147598590.99
OFS,147699394.05
GNMA,147854000.0
RDHL,148129681.05
OVLY,148224795.18
CERC,148457334.24
IPKW,148602541.8
KALA,148608977.47
FFNW,148828729.0
RDVT,149164034.49
RNET,149166809.01
AXTI,149561045.04
CBAN,149703247.12
MBCN,149819300.4
MDCA,150370782.87
PROV,150545591.66
APLT,150570943.66
SYBX,150663354.75
MFNC,150692189.36
MBIO,150879824.15
RICK,151365610.0
MCHX,151836437.15
YRIV,152599342.3
FONR,152919412.56
CCLP,152980379.5
OPES,153535200.0
QABA,153714090.42
AXGT,153997342.72
LXRX,154094294.15
BNDW,154962500.0
USWS,155229096.74
PBFS,156050515.94
TCBIP,156300000.0
HEWG,156308125.0
MLVF,156472709.25
LUNA,157069251.3
IIN,157299499.04
OSMT,157556772.0
QTRH,158027229.78
PEBK,158058849.6
CTRC,158065130.7
HROW,158199353.6
RMTI,158284968.32
PIE,158578000.0
NIHD,158612218.44
INSE,158813774.16
CLFD,159044273.85
DHXM,159273654.14
ALOT,159362556.72
KVHI,159364700.04
LCUT,159414135.0
LFVN,159462568.08
PPH,159945082.44
EMMA,159957764.44
PSL,160339080.0
SOLY,160727751.36
SPWH,160760064.49
ROBO,161000000.0
KRUS,161082019.5
AMSC,161102576.7
FTGC,161339745.28
OVBC,161531641.04
MBII,162767730.09
NXTG,162917555.8338
RADA,162926862.72
SLGL,162969724.8
CBNK,162977740.2
DYAI,162989629.74
YTRA,163456338.24
CTSO,163777381.17
HRZN,163884965.2
NBRV,164329558.4
BPYPP,164416000.0
ZAGG,164594458.38
CFFI,164717132.78
CMRX,164817020.92
TRCB,165121590.0
BKEPP,165269232.12
GENC,166205847.42
PCOM,166227670.08
SKIS,166284977.04
ESXB,167161004.56
BSVN,167584375.0
LIQT,167602108.78
ESSA,167939523.2
ADMS,168292956.9
NMRD,168493611.24
NATR,169087981.56
MTEM,169138094.6
ACST,169501019.2
RVSB,169728745.95
MMLP,169833009.93
ESQ,169838408.4
SGA,170050680.8
TRNS,170662600.32
FNHC,171024435.89
CUE,171176191.38
RMBI,172602781.25
CCRC,172664832.0
JG,172701015.9
MESA,173131050.25
PIZ,173565000.0
GRIF,173635816.83
MMAC,173658358.0
FNWB,174718912.0
CCB,175169401.35
TRMD,175546532.0
UBFO,175810325.28
TRVG,175818224.56
AFMD,176081400.66
BPRN,176082158.49
AKTS,176131828.36
FGBI,176143500.0
FCAP,176254316.8
TCFC,176996696.4
XELA,177008360.3
PGJ,177112000.0
SPRO,177420462.0
BFIN,177723023.84
HOOK,177859416.0
FAD,178048995.346
UGLD,178356033.33
ENOB,178430826.0
MNSB,178453102.17
PMBC,178740797.6
NIU,179054172.56
STIM,179115231.36
FOMX,179351545.38
ACRX,179524324.92
PLW,179950000.0
LEVL,179966738.4
LOGC,180179334.99
PME,180245520.84
BOCH,181046026.84
DNBF,181049182.87
FUND,181623975.0
AXLA,182685767.02
CPLP,182871484.8
PIO,183991000.0
SAMG,184256499.6
NBN,184356878.26
GEOS,184427984.73
TUSK,184519659.5
ATHX,184740078.71
CTRN,184865631.3
HLG,185797408.65
EVLO,186265270.87
AAOI,186469328.99
CNST,187730999.92
CRNT,187738511.22
VTC,187977500.0
INBK,188342143.93
GSIT,189222087.18
DUSA,189316680.0
FLGT,189656360.1
REDU,189689599.02
GALT,189714868.4
BIB,189862500.0
BBCP,190313084.4
PICO,190883644.56
STKL,191301274.04
UEPS,191469667.25
XCUR,191506870.8
FCVT,191757062.36
BCBP,191769380.15
IDEX,193240287.02
ALGR,193268400.0
CHMG,193331402.32
MVBF,193380292.69
PWOD,194052407.4
MPB,194943745.0
NWFL,195055286.0
SHBI,195519801.6
XPEL,195568415.1988
FRBA,195666301.6
BWFG,196105986.03
STRO,196241774.96
TSBK,197012719.36
WOOD,197085600.0
FBIZ,197154514.95
ENZL,197250000.0
LFAC,197555625.0
MPVD,199630601.25
MCRB,199952352.6
OCUL,200111981.28
SGC,200917489.98
MNKD,200993093.56
CLLS,201809956.92
TCRD,201919919.5
CELC,202223508.75
KNSA,203237574.46
INSU,204467996.7
MSON,204680616.69
IPLDP,205280000.0
FPRX,205607942.15
SPNE,206365725.81
CHSCP,206480965.9
CVLY,207187459.33
UNTY,207217863.0
ENFC,207330791.8
SLCT,207451621.53
CHMA,207682518.19
CALA,208108870.74
ITI,208525343.7
FTSV,208849927.68
OPRX,210363961.44
MRKR,210998158.14
SBBX,211166503.24
STRS,211266437.13
EGAN,211318272.2
KMDA,212153585.67
RCKY,212213302.61
PHAS,212411969.0
SY,212439500.0
DWLD,212550000.0
MRCC,213032356.88
MGI,213451714.48
HOFT,214128189.48
CWCO,215044583.94
FARM,215046062.0
FSBW,215071807.92
INWK,215557133.7
LCNB,217238326.64
CLCT,217363275.36
GFN,218154097.99
GSM,218168259.78
RGCO,218563884.8
NKSH,219888401.2
LQDT,220078102.44
TIBR,220260937.5
HURC,220950288.05
PFBI,221112773.0
WINS,221189708.3
SMSI,221707554.0
ADES,222007327.05
CVGI,222739811.91
WKHS,223048326.39
CLXT,223489480.0
FSTR,223813217.74
ISDX,224512098.2655
SPOK,225365192.64
TIPT,225626525.53
INO,225783320.16
HIMX,226137970.74
GCBC,226252071.0
MBTF,226461308.59
SLDB,226596153.6
RTIX,226866752.55
XENE,227593744.48
PKBK,227805804.0
NFINU,227959200.0
SILC,228003660.0
DZSI,228178634.2
AGLE,228195205.1
CGEN,228362991.6
PLSE,228660568.44
FDBC,228705120.0
CYCN,228803861.0
ISTR,229222395.6
HABT,230550779.03
PNRG,232014207.48
PUI,232086000.0
WNEB,232151366.59
VRCA,232186498.94
SLMBP,232400000.0
ADMA,232525799.52
WEYS,233304110.2
FRBK,234194256.44
CMBM,234278728.44
CSML,234600000.0
SENEA,236249234.86
PTVCB,236312879.82
FVCB,236383305.76
ALCO,236482106.19
NRIM,236696275.8
FULC,236901142.1
PLPC,237223335.96
IRMD,238532256.86
OCSI,238680820.8
FLNT,238742110.72
CRESY,239023249.66
VTWV,239242500.0
LAND,239315770.5
CDXC,239589197.4
ATLO,240035172.0
PCYO,240634155.78
EIGR,240790607.95
ELOX,241235594.72
ACMR,241441756.8
UROV,241509838.72
CELH,241558473.53
CMLS,241648633.38
CNTY,241769549.59
ORRF,242044605.78
HIIQ,242504453.7
JYNT,242548141.44
VALU,242651764.48
GERN,243065806.74
OPTN,243460089.8
ALLT,243950904.27
GWRS,244128635.52
DVAX,244330233.75
HYZD,245244000.0
CBMG,245664005.4
ACNB,245677600.25
CECE,247138475.22
NWPX,247713502.34
PDLB,247908681.28
FCBP,248166688.0
BREW,248571165.88
IMMR,248643305.72
CNCE,249184178.22
PIRS,249433165.3
CLRG,249718500.0
LCAHU,249747500.0
SSPKU,250000000.0
REPH,250068241.75
PTF,250272000.0
IBUY,251167000.0
DRRX,251444326.54
LJPC,252027443.84
EVFM,252111723.78
BWMC,253628675.0
ZYNE,253786229.4
TPCO,254878712.45
BPRAP,255100000.0
PCB,255104284.59
LACQ,255500000.0
KLDO,255964505.94
MOR,256176567.36
MEET,256988223.21
FYC,257224587.94
APYX,258142432.36
FMCI,258858950.0
DWAS,259677000.0
PTGX,259910050.54
PVBC,261232467.3
RING,261395000.0
KNDI,261456232.95
CATH,261859697.88
CVTI,262107434.0
NNBR,262251488.59
BCML,262739398.8
NERV,263031674.54
VIOT,263323658.07
MCFT,264200225.75
SIEB,264239439.24
CSTR,264301402.75
RDI,264317308.65
DAKT,264507883.04
LLNW,264938489.76
CVCY,265051269.63
MUDS,266240000.0
DFRG,266345288.4
RBNC,266442475.6
WHF,266687495.36
DBVT,266929635.42
NBEV,267327863.64
PTSI,268118299.26
VMD,268368250.4
SRNE,268506269.4
ESGU,269108190.0
AVID,269333561.97
PBCTP,269700000.0
TBNK,270811800.0
AOSL,270912850.0
KLXE,272464247.88
LOVE,272592292.56
MFSF,272839872.0
BROG,272878010.0
SUNS,272903932.35
HBMD,273049224.48
ENLV,273070089.0
FNLC,273216253.2
ITIC,274236626.4
AMCI,274961832.6
KIN,274989447.04
OMAB,275659137.6
SIC,275909227.7
AUTL,277300728.18
SNDX,277338034.68
SRET,277372638.4
FMAO,277654575.0
KBWD,278523500.0
HARP,279543771.02
NATH,279561147.26
STRL,279752754.75
KALV,280821012.7
UBX,281252252.61
NDLS,281430393.86
RFDI,281468955.222
NYNY,282374437.4
GLAD,282520543.13
SMBK,282831546.43
FRGI,283567552.32
MPAA,283922997.57
MRLN,283982732.0
HYGS,284131773.54
SNLN,284484784.85
SFST,285236014.02
HIBB,287509001.04
SPFI,287836105.2
CATS,288296032.5
GPRE,290214610.8
FNY,290284239.3182
PFM,290769000.0
GNLN,291302807.35
CLVS,291865918.26
VTWG,293160000.0
CASI,294808520.16
LE,294864126.13
ARAY,294880721.6
HALL,295225184.97
ZYXI,297315408.24
BCRX,298183747.5
ALBO,298485720.78
ICLN,298900000.0
PDLI,299210998.02
PSCT,299657335.0
OXSQ,301154060.88
DJCO,301251162.28
MTLS,302373286.95
ASPS,302539180.09
THBRU,303000000.0
BFST,303151811.76
XERS,303337825.24
POPE,304857980.0
IOTS,305219513.2
LNDC,306327539.43
UFPT,306340163.96
SMBC,307707147.0
CRSA,307812500.0
SGRY,308240962.4
EGLE,308716830.34
CHSCO,309805819.75
GPP,311972621.97
SRRK,313012644.84
CPSI,313373579.4
KBWY,315031500.0
TEUM,315568608.84
CLMT,315645773.08
USLV,316248409.1
TAST,316368901.95
RMNI,316697080.0
SMMF,316998585.4
XBIT,317018779.05
REPL,318245129.1
ASMB,318311848.78
AMOT,319195311.75
TKKS,319217500.0
PRQR,319861481.58
CAMT,321665906.05
GTYH,321802631.06
QTT,322111857.36
LEGH,322139856.08
SIEN,322367358.3
PFIS,322747782.36
INSG,322897938.72
CDL,323162073.3003
BWB,323386026.48
MIRM,324292185.21
DSPG,324344276.55
CIVB,324426199.86
SPTN,324645613.38
NVEC,324682670.0
PRTA,325156972.15
DLTH,325282096.58
CRAI,325576766.58
ARTNA,325899095.44
CAMP,326208031.8
STXB,326625751.76
ISRL,327367878.08
LMNR,327729565.32
EBTC,327942538.86
PGNX,328402209.2
DRYS,328431450.06
RIGL,328513726.24
CZNC,328785735.98
BRID,329035160.0
AKRX,329233081.23
WTBA,330707192.88
CDZI,332230606.4
CLAR,332327902.44
TORC,333842216.52
PETS,334096873.92
TGLS,334195392.9
HBCP,334517969.52
LAWS,334673239.89
RRBI,335008288.94
CNSL,335153720.85
BPOPN,335880000.0
VSEC,336234269.95
TUR,338383500.0
MCBC,338604420.14
PKOH,339211781.64
IIIN,343063636.74
PSC,343092529.45
SCVL,343322617.17
PCSB,343795993.09
MJCO,343907467.65
BBH,345004575.11
GRTS,345401501.91
CCRN,346399879.44
WLFC,346932599.49
MNOV,347289052.44
ORGO,348018312.09
GNTY,348651349.28
NEBU,349593750.0
CATC,350148572.46
GWGH,350154252.0
HHR,350250000.0
PRVL,352210277.16
GDEN,352251758.11
AGMH,352354389.15
OSBC,352480076.91
KE,352558853.09
SSTI,353152367.05
PRVB,354428910.82
SONA,354669131.44
ATEC,354790034.08
WPRT,354793191.34
CDMO,355351792.92
VLGEA,356140760.99
UTMD,357081600.0
FDUS,357161537.4
GLRE,357751968.63
BLFS,358030226.84
HAYN,358757744.5
BCEL,359447345.84
BKCC,360013613.65
TCRR,361905972.13
RBB,362586960.09
NODK,364789523.15
ACIU,365512221.53
SPKE,366922737.79
SNCR,367491654.0
ACTT,368625000.0
AMRS,369977383.53
BSRR,370419220.5
CRBP,370453627.89
PDFS,370494766.08
VRA,370537760.79
OXFD,373215329.11
AGEN,373490884.0
GAIN,373519583.42
HCAC,374437125.0
GNMK,374504444.64
UNFI,374728824.36
AVDR,374915637.92
WLDN,377377367.36
MRUS,377581428.25
FMNB,377931028.76
ACAM,378146854.8
COLL,378551694.3
IFGL,379715000.0
CSTL,380465535.45
KOD,381668601.38
MITK,382083688.44
LOCO,382374433.32
DGII,382375687.32
BYSI,382485840.0
AMNB,382878015.52
BDSI,383158576.96
EQBK,385828411.67
GOGO,388381586.67
GBLI,388651408.25
PBYI,390915804.75
PRTH,391360224.08
CSWC,392343753.69
BFC,393352330.56
VRIG,393576444.9099
SWIR,394561197.36
TITN,394649784.21
VRAY,394905910.77
CCNE,394995578.17
ACBI,395352368.64
OBSV,396072234.0
NEWT,396462276.56
CCXI,396683875.62
IESC,397800675.0
CCBG,402403159.98
TRUE,402440024.37
TCGP,403200000.0
SOHU,404027648.36
ORBC,405150345.4
SIGA,405232620.0
CLNE,405325659.42
TACO,405397584.88
RRGB,406099692.72
HIFS,406266000.0
CBAY,407397184.99
TBIO,408082944.0
COMT,408709000.0
EOLS,409226409.8
QFIN,409353542.01
AMAG,412232280.96
CHUY,413831687.36
LMRK,414034227.28
FINX,416132728.83
FLXN,416505586.13
SPAR,417144801.01
PRPL,418041182.58
BSTC,418489624.41
MGIC,420951837.18
ORTX,421351509.6
SYRS,421411762.92
MIST,422465299.5
DGICA,422595350.34
PNNT,423054612.55
IMGN,424174029.28
APEI,425422724.32
OXLC,426328966.02
POWL,426813001.2
TMDX,428082575.94
VNET,429374512.23
AMSWA,429580063.3
PCMI,430239905.9
HFFG,430270903.26
CTMX,430935851.32
USAT,432606604.36
AOBC,432935349.7
UXIN,433854286.1
CRNX,434487186.0
VBND,436149000.0
VIVO,436938604.08
CUTR,437367209.58
DOVA,437788317.6
IBCP,438515216.02
FLDM,440018703.54
FRTA,440443978.35
ZIXI,440902678.97
FTAC,441103500.0
STNL,441168750.0
JKI,441812355.0
VUSE,442158880.0
REGI,442181744.4
ATAX,442319615.64
PVAC,443096082.45
GILT,443530424.0
OSUR,443801815.3
DHIL,444864697.09
NEPT,445600757.8
DERM,446063231.0
OLBK,446737556.88
EEMA,447670500.0
ESTA,447778352.62
TMCX,448068750.0
PFLT,448205175.44
CNBKA,448328032.68
EZPW,449106452.1
HTBI,449602625.0
KIDS,450275384.68
CHW,451066372.44
MGTA,454740335.16
SBT,455664043.56
VTHR,456346500.0
SIBN,457333611.68
WSBF,457474534.4
CHSCN,457800000.0
MBIN,458441814.86
BCOV,458961085.44
FISI,460807220.57
BLBD,462799046.64
ICHR,463047426.09
APM,463981153.68
COWN,464592102.48
AROW,464616640.0
USLM,464962032.48
HMTV,465376907.88
MYRG,466022900.0
BOMN,467095529.6
UCFC,468356071.86
PSCH,469614000.0
HCKT,469638765.31
FRPH,470585247.21
MOFG,471437754.03
IFV,472109036.74
FVC,472953052.26
DTIL,474910878.15
GPOR,475000130.66
PLUG,476256006.87
KBWB,477508000.0
UIHC,481595389.76
GRBK,482766127.85
PSNL,483457016.25
ACLS,484980960.0
UCTT,485221211.37
AMAL,486105250.5
HTBK,486314415.08
ERII,486986683.82
PRMW,487092552.84
HWKN,487827482.98
MTRX,488695310.69
CLOU,490310326.44
NEXT,490779493.68
YORW,490995682.32
FOSL,491089572.89
CCD,492949694.48
THOR,494637841.32
CARE,495077865.2
ITCI,496007265.78
VKTX,496087028.1
HYAC,498500000.0
RVNC,498799636.92
TNAV,500540370.0
WIFI,501982246.84
ENDP,501982672.5
RPAY,502676502.68
GRSH,503000000.0
THFF,503652887.76
XENT,504508262.65
CHSCM,508440000.0
TCX,508647137.4
AUDC,510350277.38
HSII,510819033.3
FITBI,510840000.0
LOOP,511064156.1
MBWM,512278065.27
FCBC,513370260.9
DMRC,513493059.8
FEP,513500065.0
KRTX,515080588.0
COHU,515750005.9
PUB,518314109.91
EVER,518702529.6
NCMI,518857254.99
FLMN,519462879.65
INMD,519570545.0
ADTN,520163573.76
QNST,520580874.0
CENX,522695349.96
CARB,522773959.84
FLIC,523025496.8
PGC,524153045.28
OSPN,525568581.13
FMBH,525933198.0
ECHO,526004035.76
AKBA,526566346.05
FBMS,527172508.48
APPS,527935688.16
ATRS,528319703.88
WTRE,528503667.0
PNQI,528808500.0
PACQ,528885000.0
IPHS,530281969.32
AUPH,530776001.24
RECN,530896057.98
FDEF,531275659.39
KPTI,531278035.86
VECO,531339331.95
CSTE,532024550.28
LASR,532904855.7
TBBK,535387835.08
IMXI,537837127.68
MBUU,539000857.45
CASA,539478390.84
BDGE,540146140.06
RILY,542272424.32
FFIC,545436290.7
DOYU,548531075.4
XOG,549591050.82
FYX,555360113.92
HAFC,556704774.0
ULH,556890685.74
BMRC,560328893.55
QADB,560676034.5
CPRX,560964450.65
HSKA,562756494.78
OSTK,563566863.12
DXPE,565373132.35
NXTC,565597648.5
QCRH,566965231.81
TSC,568040184.27
RCKT,570951252.9
CHSCL,571320000.0
NSSC,572721249.0
ZUMZ,576081073.44
AVRO,577537351.68
RBBN,578644205.04
NCBS,578961220.95
JOUT,579386016.65
LBC,579997983.17
AMEH,580138893.44
HCCI,581597992.3
AEGN,581741307.21
AXGN,582937032.15
EXPI,583360414.56
PLAB,587495137.8
SRDX,591158004.36
FEM,591557544.9
CRMT,593846833.85
RUTH,600763247.12
IIIV,603981157.24
HLIT,609341655.6
QYLD,612005437.0
UEIC,616793070.08
SCHN,618317319.84
HONE,618891636.0
KBAL,619870094.56
MSBI,620048530.0
LVHD,620208508.64
WINA,623164667.2
DMLP,624929527.48
TTGT,626042932.72
LMAT,626568716.62
GPRO,627267085.39
FFWM,627594068.82
HMST,629938750.76
CONN,630137812.5
EIGI,636800833.32
TPIC,636985152.72
FORR,638003280.0
AGYS,638288244.8
UBNK,638896823.32
SGH,639861807.42
ATEX,640343850.0
TILE,640425800.56
ASTE,641113324.55
PEBO,641655701.0
CDC,641723577.28
CAC,642875203.32
GLDD,648475238.48
QTRX,648761793.18
ESGE,649530000.0
SLP,649716908.22
BOOM,649845904.05
STML,650543235.2
BBSI,653829843.4
TGTX,654758093.41
PAYS,657900180.96
TXMD,658535623.2
HMHC,658876925.3
NESR,660415520.4
VFF,661035688.32
VRTS,661570411.92
MORF,662367051.54
ACHN,664938242.08
ABTX,666063661.76
MDIV,666159035.96
CMTL,666446922.02
GLUU,668152489.34
GMLP,668509249.65
ITRN,671632080.91
CRWD,676318861.02
QQEW,676993628.34
URGN,677089141.2
AAWW,680998047.6
BJRI,682586299.2
FIXX,683674363.35
BRY,684224258.25
IMKTA,686198613.12
QTNT,687876382.38
RYTM,690300840.0
CEVA,691676716.36
TH,694537357.8
INTL,694878046.38
DOMO,696337447.2
ANGO,697079544.7
NANO,698174158.08
GOOD,700996010.0
CASS,701575489.08
CNOB,701754390.1
BMTC,702697679.6
HCM,702888134.04
CTBI,703268049.56
AKRO,704795879.32
VCEL,705307598.08
PID,707265000.0
LTRPA,714729298.64
ARCB,715334121.12
MERC,716224135.69
OCSL,718899320.1
WVE,719892138.0
MOBL,721372051.89
LOB,722198415.25
KRYS,723156302.0
DCOM,723514274.48
CHI,725028856.53
CBTX,725826535.2
HBNC,728642385.24
MGNX,729490288.92
AMTB,731021713.56
QADA,732315563.1
CERS,732478449.24
CFA,734192293.56
INDY,739167000.0
OPB,740616980.49
RTRX,740959104.75
CYTK,741114431.22
PRSC,741187823.78
MGTX,743134622.78
TRST,743300904.19
RDVY,748332059.04
PFBC,749547048.4
UVSP,751391661.08
NFBK,752600829.68
LBAI,753803173.73
RDNT,753913599.36
CFO,755137208.75
ATRA,755299366.1
ANIK,755993600.8
ORIT,756277562.04
TBK,757603635.81
CDXS,760412154.07
CARO,761875104.98
OBNK,766199128.32
CRZO,767263789.7
OFLX,767269415.22
EGRX,767805318.4
CDLX,775031027.94
LK,775698000.0
CMCO,775725987.84
USCR,776508104.29
SP,780028556.34
NVMI,780783637.6
EMCI,780914688.39
TCPC,781000140.0
VYGR,781152767.55
GMAB,781352232.0
ANDE,782074000.0
GOGL,782225948.65
ROAD,784015363.54
PI,785152141.84
GSBC,785955618.7
ODP,786783710.88
VNDA,788453542.4
ADVM,789625592.0
TSCAP,791795817.0
ALDR,794553723.0
SCSC,794824634.64
KURA,794878293.6
MCRI,796567726.53
CRTX,796913713.81
TYPE,797190703.68
KFRC,799932736.28
PLMR,800049687.5
GABC,800092948.78
CHY,801118939.65
FIXD,802864105.64
ARVN,804832977.41
CGBD,804896051.46
WASH,809641262.4
PEY,813888000.0
WETF,815823249.02
SYBT,818278384.43
FNX,819277129.02
COOP,824233953.75
MGPI,824517747.34
NVEE,824548052.24
NTLA,826203034.38
PGTI,827229646.28
ALTM,828569727.75
CYRX,830380677.24
RUBY,832095253.41
LNTH,832391603.4
AMBC,833132545.4
ZIOP,837147759.45
OGI,838683442.44
FARO,842331631.96
CTWS,842383882.6
MLAB,842675134.5
INFN,844960647.15
QIWI,845094980.39
QQQX,846771945.48
ANIP,850549491.54
ATRO,852173336.64
SLRC,852400860.42
ATNI,853696565.4
PACB,855071733.88
IHRT,858875977.68
ESGD,860431000.0
MIK,862028494.7
BNFT,863200720.8
TVTY,863387527.2
SBLK,863784219.28
HEES,872262861.52
SPPI,875759898.32
PRNB,875893835.88
LX,877234964.1
FDT,881353240.0
BPFH,881811176.1
SCWX,884498846.35
YMAB,894506302.56
EXTR,904515480.0
JBSS,904964536.72
HSTM,905163759.0
RBCAA,905526359.76
PETQ,907659012.48
LIND,908187495.6
NWLI,915513475.8
AXSM,915877721.94
SPNS,916669953.36
LMNX,922563358.72
NXGN,923846049.18
CNXN,925343446.68
PATK,926112776.8
TIVO,926991230.0
SNDL,928585050.2
XPER,934516589.18
OSW,935109959.4
TDIV,936566550.0
EBSB,938475595.2
NSTG,939975993.84
TCMD,941389880.06
INGN,941616230.94
OMER,942378854.64
TWST,946161285.28
STMP,947479185.6
GLIBP,947628000.0
APOG,948048601.5
MATW,948432385.08
SSP,949448832.16
EUFN,949524000.0
FMB,950217112.12
HOLI,950388059.25
AXNX,951017198.74
OFIX,952134938.4
STOK,952321987.86
CIBR,955666557.14
DRNA,960458716.55
PHO,964318500.0
NGM,973162260.62
PLYA,976123717.77
AIA,979130000.0
CMCT,983898953.66
AMPH,984672441.6
VRTU,988167758.49
TWOU,989290997.42
VREX,989568000.0
HFWA,992130184.7
MSEX,992594271.9
BLDP,993324173.24
CDNA,1004495135.7
AXDX,1004724996.05
FTC,1006670137.9
BBBY,1006857276.08
IGOV,1015150000.0
PRIM,1018112497.06
ESPR,1019987327.2
MRTN,1020579110.08
NTGR,1025189166.0
TRUP,1025961287.58
ARCE,1026096906.8
EFSC,1034144077.04
GIII,1036042652.3
FANH,1040243954.56
UPLD,1041754182.76
ALEC,1046851238.4
PLUS,1050230214.72
RDUS,1050713444.74
CSWI,1051363284.64
GGAL,1053562404.92
FBNC,1054664244.27
SQQQ,1056767314.63
XON,1059941782.86
KELYA,1060110928.32
FTA,1064336096.32
ARQL,1066709614.95
CARA,1068999631.0
NTUS,1069436205.92
TTMI,1070750316.3
BCOR,1072312089.65
ODT,1073774666.4
OCFC,1077136094.23
AINV,1077882353.7
EBIX,1078396602.03
ATRC,1079703352.32
VCTR,1079997497.52
SYNA,1084160879.1
LKFN,1086159648.24
PKW,1088850000.0
VYMI,1091232960.1575
KRNT,1091338331.31
CASH,1096242367.02
BRKL,1097720318.75
SBSI,1097750583.36
TCBK,1099262221.11
AERI,1101163654.71
ADUS,1103225440.98
PRFT,1112005605.36
WIRE,1114061981.92
GBDC,1115351229.96
CHEF,1120780468.0
VONE,1122300000.0
SRCE,1123549328.0
ECPG,1132351199.76
CDEV,1133402089.4
KRNY,1134490971.81
INVA,1135345089.49
MTSC,1137059122.12
VIGI,1138750962.84
UFCS,1139865739.92
MNTA,1141056411.12
FNKO,1145690919.68
CETV,1148839827.78
SCHL,1149524692.29
OPK,1151173954.15
LORL,1151935647.24
SIMO,1156379860.1
CRTO,1160080981.2
EPZM,1162537662.94
SYKE,1164961417.11
WRLD,1167121998.0
FATE,1169101501.2
HA,1169474627.22
ATNX,1176403797.7
SWAV,1177128246.0
RAVN,1177699812.38
ATSG,1178350984.5
REAL,1180965581.88
SASR,1182892311.18
RDWR,1183249198.59
ZLAB,1183773047.45
VICR,1184974170.48
CENTA,1196159461.09
STBA,1197046941.3
VCYT,1198062161.0
GOSS,1201816086.09
VBTX,1205361308.4
TBPH,1205802539.02
SG,1208311700.64
PLCE,1208829755.6
FLWS,1209818890.17
AVAV,1212211711.54
DOOO,1213618504.05
SSYS,1214044960.0
CHCO,1214054759.28
PAHC,1216035456.48
TLND,1217748709.0
SILK,1218603526.25
CSIQ,1220771347.0
THRM,1232559762.0
EDIT,1242339579.52
SBCF,1244317719.06
FORM,1260856692.81
SONO,1266327891.6
SCPL,1266458220.63
MTSI,1266871471.74
KLIC,1268156800.0
VGLT,1273457045.28
AMWD,1279585631.65
OPI,1280732522.3
GLNG,1281445000.0
AFIN,1283447391.6
AMSF,1284492252.16
SNBR,1295490140.0
CHRS,1296912165.12
TRS,1297587652.56
HLIO,1298366755.78
GSKY,1305092438.54
CENT,1305321285.4
FEX,1306365616.38
CATM,1309105870.9
HYLS,1316339095.56
BOTZ,1316625700.26
RARX,1317819742.54
AIMT,1325448440.55
DENN,1331172214.4
PSDO,1332425213.0
SGMO,1337203890.12
ATRI,1339260731.16
ECOL,1339276987.35
RUSHA,1341498796.04
TELL,1341869144.38
MINI,1346624977.38
RCM,1348058866.4
EGOV,1349239506.55
RGNX,1350803394.4
RMR,1353783625.7
RMBS,1355754816.8
GRPN,1356611618.36
PLAY,1357956251.56
EGBN,1358568166.68
USMC,1360085528.13
ROCK,1366951963.86
ILPT,1367488816.21
BUSE,1371926973.72
BPR,1375785534.87
HURN,1378888825.5
CVET,1379486243.85
HRTX,1380824014.1
HUBG,1381898908.4
SUSL,1383156450.0
BLMN,1384973717.6
BEAT,1386077687.0
TRHC,1389788726.04
MDGL,1389811330.96
INSM,1391639152.8
ANAB,1391869290.16
TPTX,1407003641.6
BATRK,1407689199.62
EIDX,1408606643.25
BATRA,1409730068.34
ENTA,1409793652.67
RUSHB,1411989252.82
MSTR,1412549923.05
STFC,1418173818.38
STAA,1421811442.8
SOXX,1423030000.0
GTHX,1423982404.35
IRWD,1427239634.88
CRAY,1432934987.6
VTWO,1437171000.0
NYMT,1440655302.24
VWOB,1441134487.65
SUPN,1443397470.72
PZZA,1446280654.0
DCPH,1447206139.96
SAFT,1450537936.26
CORT,1450669560.12
FRPT,1457486802.4
AMBA,1459202189.2
KALU,1468279378.75
GLPG,1471075554.54
CORE,1471814841.2
PRAA,1473979710.6
JRVR,1477521472.0
RCII,1481571709.8
MDRX,1499881338.0
CECO,1501066725.63
TVIX,1503484458.9
PDP,1512018000.0
IDCC,1513719285.99
FOCS,1520413259.7
PDBC,1522002120.0
HCAT,1522392708.2
ICFI,1522509457.62
SGMS,1546175377.0
NBTB,1546649641.89
BOLD,1549575030.3
NMRK,1552757113.78
CRVL,1561929605.65
AIMC,1566810831.53
CVGW,1568488294.08
MGRC,1577421038.64
HTLF,1580253719.06
TCDA,1586912395.32
HTLD,1591167184.11
GSHD,1599959568.19
FTSL,1601230094.19
NRC,1604970997.14
SFBS,1611448108.2
CVCO,1614306347.5
PDCO,1615313348.64
WABC,1623491897.5
CSII,1624367655.0
UNIT,1626267301.7
RDFN,1631897519.01
PCRX,1632095880.8
UPWK,1632138633.57
PDCE,1633171070.92
WSC,1634129630.0
CHNG,1641846429.72
PLXS,1644400742.4
CBLK,1644559798.96
NTCT,1648463832.54
BMCH,1652231412.11
FSCT,1653428077.24
CSGS,1655666131.68
CROX,1668007410.56
SHEN,1668710911.58
MGLN,1668753819.67
CAKE,1670111553.24
HCSG,1673494120.0
FWRD,1689720257.76
BGCP,1694474918.28
HOPE,1696324455.41
VC,1708284156.39
PRGS,1711187873.7
PPBI,1714255183.2
LGIH,1714985653.08
PTEN,1730262464.84
NWBI,1731881150.72
LKCO,1734750052.28
PSMT,1740129769.84
NSIT,1747150632.0
SFLY,1747300188.4
BANF,1747980063.9
APLS,1750352807.16
CLBK,1750566663.5
DNLI,1758693635.25
SPWR,1763067426.34
TWNK,1773704944.55
RUN,1779401127.01
LGND,1779473966.4
FRME,1789076628.0
NMIH,1810773411.52
AEIS,1816592341.98
IRBT,1817650048.31
EPAY,1820884578.18
BAND,1824634241.48
BANR,1851404284.8
VONV,1854796500.0
DIOD,1858810104.9
SPSC,1860318000.0
WSBC,1866268429.88
MYGN,1871022796.5
RNST,1872959046.38
IRTC,1874829674.64
ARLP,1880930948.15
PRFZ,1884471000.0
CFFN,1885308954.9
OSIS,1891222602.84
CVLT,1893925101.12
SLQD,1895021500.0
CSQ,1903437344.52
TOWN,1905047259.95
SSRM,1906637987.0
FIZZ,1911534229.2
NTRA,1921557999.6
KTOS,1924738205.88
LTXB,1937333561.46
BZUN,1940101426.06
ISCA,1955359007.7
PENN,1974427390.08
URBN,1983791493.0
BILI,1983978724.51
AKCA,1998335651.28
KNSL,2002660010.75
MMSI,2008367160.8
TSEM,2012629120.0
CALM,2013029720.52
OTTR,2014399885.59
SFM,2019732659.1
ONEQ,2020016000.0
ROIC,2031249410.53
UCBI,2050521737.18
SAIA,2050951418.88
WW,2051233804.56
ZGNX,2056030839.99
IOSP,2058320479.5
SANM,2058716944.92
FELE,2059244943.8
BIOS,2060065754.02
IPAR,2065048694.1
CAR,2067454438.2
AMKR,2071042845.12
SNH,2080206178.75
COMM,2080813993.76
PTLA,2090022992.47
BECN,2096244340.2
SFIX,2097353640.69
VRNS,2098752060.4
FMBI,2106726479.38
SKYY,2110253110.92
GTLS,2114748787.63
TENB,2115678364.8
QURE,2116243707.18
IBTX,2128572313.56
IBOC,2131263646.38
SMPL,2135770986.6
ICPT,2139978332.8
CWST,2142841124.01
AFYA,2143840645.8
CTRE,2148127452.08
WERN,2148504843.15
WSFS,2152905852.92
TRMK,2159377198.44
BLDR,2160384932.2
TTEC,2161926376.44
XNCR,2166291147.6
BRKS,2179732573.08
ZBIO,2188459163.88
RRR,2188464945.48
VRRM,2191989453.72
RETA,2193849287.28
HAIN,2214209058.12
MMYT,2215312916.0
ALRM,2244465683.37
EXLS,2256224257.2
EYE,2259156510.87
EVOP,2279258298.3
PS,2285063225.28
FFBC,2301623510.0
JACK,2307158149.8
AAON,2312511012.14
HALO,2314638754.4
ALGT,2315463786.0
FV,2329286248.0146
IIVI,2348415770.97
PSEC,2361155078.84
LPSN,2361621479.52
INDB,2362358228.02
QTEC,2363333167.02
SFNC,2368839757.96
SVMK,2371431837.06
AY,2376462967.74
EHTH,2386424653.44
NFE,2389161446.08
XLRN,2396532277.44
XT,2401395500.0
DORM,2420910043.76
PCH,2421426904.24
UFPI,2422756526.4
PINC,2425355969.88
CBSHP,2433969130.24
SINA,2438290121.0
ALTR,2442775971.9
EGHT,2443465571.88
INOV,2445794453.44
LSCC,2447738050.05
MEOH,2453277054.4
POWI,2460869389.8
COLB,2460974040.14
ABCB,2466565661.72
ACHC,2471605017.2
MLHR,2474630634.3
MYOK,2484375313.25
FIBK,2496959153.04
SSB,2500301183.8
WDFC,2508374979.33
MDCO,2516189990.37
NOVT,2517820068.0
FTCS,2524041109.98
AGIO,2526374098.0
CRSP,2529235679.53
IOVA,2541001983.12
PEGI,2544001762.68
MGEE,2545351725.4
NEO,2551813541.55
SHOO,2555989645.68
JOBS,2559050875.28
SAVE,2564478874.32
CIGI,2591289994.41
FOLD,2594639581.97
MIME,2606245793.8
FULT,2607113600.0
CCOI,2607645797.1
WB,2611302388.29
GT,2625164009.3
WMGI,2637438416.76
ITRI,2640569177.4
PTCT,2646251135.2
DGRW,2647008000.0
MNRO,2651289484.2
CATY,2653150619.16
ERIC,2655077758.02
QDEL,2659298937.39
NGHC,2663963820.96
ACIA,2666901589.8
RPD,2667762056.4
RTLR,2669696978.24
ARNA,2673119941.3
CNMD,2675359603.2
EVBG,2676671978.75
YY,2684169367.55
STAY,2686873748.94
WAFD,2694882158.4
FNSR,2699541560.04
TCBI,2703711161.25
ENSG,2705620319.36
ISTB,2707017000.0
MEDP,2756134037.8
SKYW,2761325276.71
VONG,2762397534.73
AMCX,2766606056.72
GHDX,2785483519.2
HLNE,2798264692.08
IRDM,2815278292.64
BL,2815335511.31
ARGX,2827977263.72
LILAK,2828858340.9
LILA,2830674039.45
DSGX,2834203457.64
ARWR,2838063541.76
FOXF,2841921801.24
BCPC,2851604431.48
CVBF,2854725274.59
IMMU,2860478666.6
FEYE,2864809022.0
ONB,2867646150.0
AUB,2877518356.4
OMCL,2881324907.34
WING,2882737498.48
GBT,2889290590.0
CSFL,2897931686.24
GRFS,2920216899.6
SMTC,2940460418.7
HOMB,2944087000.5
NAVI,2975681128.98
ISBC,2994242609.58
HWC,3001067037.22
ANAT,3011097528.0
IGF,3046184000.0
CRUS,3052376880.0
ERI,3068733408.76
CSOD,3080183397.12
LVGO,3084020341.12
UMBF,3085404391.68
SAFM,3115551474.35
TECD,3181906036.44
BBIO,3199355895.63
QLYS,3219524914.65
VIAV,3233616787.8
LMBS,3254667603.9
COKE,3257638138.17
APPF,3260346378.08
NKTR,3281137760.16
SLGN,3281910973.92
COHR,3282225926.46
OZK,3306229848.08
NUVA,3311686725.48
TQQQ,3317346000.0
ALKS,3326455056.04
FHB,3330897407.88
ALLO,3363924345.03
ACIW,3364878227.76
SLM,3370100421.0
GBCI,3380591113.88
NTNX,3384445519.0
LOGM,3390816000.0
VLY,3397555589.12
ICUI,3403660224.6
UMPQ,3408686201.16
CCMP,3418743969.9
HMSY,3420762120.16
AAXN,3428510153.64
RARE,3443632913.33
GDS,3450647260.54
WTFC,3456925466.08
UTHR,3478207541.04
VIRT,3478649107.5
CARG,3480220747.0
CMPR,3494519761.72
VRNT,3497167849.76
TNDM,3505647134.22
PAAS,3510915722.2
JJSF,3528336092.08
TXRH,3532959188.96
MCHI,3535620000.0
TERP,3540993896.05
MANT,3559047468.54
UBSI,3575703725.1
NEOG,3579205182.0
USIG,3585387000.0
MRTX,3591272132.63
EXPO,3596968896.16
CBPO,3617458422.98
AAXJ,3626372000.0
ACWX,3633256000.0
IBKC,3665398012.39
HELE,3670577756.2
APPN,3671148828.12
ENPH,3686081629.1
FIVN,3689904689.64
LAUR,3722819149.36
LFUS,3732888065.62
STRA,3747280313.1
LIVN,3767775426.2
FGEN,3767808426.6
ESGR,3770398643.53
VNOM,3775995763.2
TLRY,3795900348.16
SATS,3797876705.7
TREE,3797982722.8
ONCE,3803212015.56
TSG,3806472559.05
LHCG,3806818307.6
BHF,3812457112.44
MAT,3825073003.5
IUSB,3882099000.0
ROLL,3884081970.6
VEON,3891817343.54
JCOM,3947622397.8
SRCL,3949175211.96
SBRA,3957073701.12
HQY,3963578848.2
PACW,3973312143.56
SBGI,3996741544.6
CBRL,4001950268.88
VCLT,4008918058.29
MKSI,4021530173.76
FSV,4045352644.98
HPT,4061902551.2
SEDG,4062668139.81
ALLK,4066652100.0
BPMC,4107044381.5
FFIN,4112303302.72
PNFP,4135269031.96
GO,4166035928.0
LANC,4167007500.0
FCFS,4199653875.25
MRNA,4206521253.48
ACAD,4207473903.36
TTEK,4216688676.6
AVT,4222087129.44
FTDR,4225677431.04
LSTR,4229677347.35
AMED,4234863102.02
NXST,4245738358.8
VGIT,4260241545.21
CYBR,4317902846.87
ANGI,4328483893.78
LITE,4439769445.76
HTHT,4450057535.28
CRON,4460730431.54
BLKB,4469869150.2
SLAB,4482189286.47
GWPH,4537683942.96
WEN,4540574920.86
RGEN,4576449637.52
MLCO,4600246622.62
MRCY,4600584027.12
SIGI,4624331091.47
FTSM,4647259406.88
NUAN,4678829276.94
CHDN,4685857564.08
OLLI,4798113010.84
FCNCA,4800762790.5
QRTEA,4818398126.45
VSAT,4830186973.2
AMRN,4854583250.4
QRTEB,4860188222.95
TFSL,4958458108.45
HZNP,4963240968.4
MOMO,4984183368.39
LECO,4991755562.4
TIGO,5005567660.5
BPOP,5039179116.18
IQ,5041006235.76
FLEX,5100949752.93
VGSH,5116683939.16
SYNH,5150461439.97
IJT,5156475000.0
ASND,5157854094.31
PCTY,5160632623.32
IART,5208192904.06
MANH,5261798906.0
CDK,5300790937.02
ZNGA,5348486192.24
VNQI,5355432813.66
LBTYA,5356055050.72
ADPT,5359021762.7
TRIP,5372806284.09
JBLU,5406871490.75
BOKF,5445611467.3
NTRSP,5449629318.56
IUSV,5492010055.0
PEGA,5494111500.95
BGNE,5504169539.55
NATI,5545754788.75
ENTG,5571847218.24
TCF,5624240000.0
RP,5649545829.18
MDSO,5707891309.9
EWBC,5725804896.28
PBCT,5741792625.6
LPLA,5842315817.52
STLD,5854886499.02
MLNX,5910101700.9
RYAAY,5953762131.85
PDD,5978103468.16
CREE,6013884662.16
EXEL,6027834136.2
CASY,6037980855.48
LOPE,6060941042.74
FIVE,6071752876.0
PRAH,6090834158.08
MIDD,6107147204.7
GLIBA,6123289884.03
BRKR,6149514991.2
CBSH,6151334875.85
IPGP,6195179243.65
FSLR,6217236892.4
FLIR,6224318658.9
MPWR,6226703560.0
NICE,6273755215.61
VTIP,6310493525.16
HDS,6346714135.85
LOGI,6355619497.04
ETSY,6365101116.0
COLM,6391591517.11
SBNY,6392872099.2
BLUE,6396309029.47
PFPT,6449140689.66
WWD,6467576018.96
IUSG,6507150000.0
MORN,6567117288.54
SABR,6620233567.4
NWL,6664316000.0
GNTX,6695503241.04
DNKN,6699264246.22
ESLT,6731629360.29
MSG,6776639807.3
UHAL,6838216065.0
IBB,6882404000.0
IGIB,7004780000.0
ZION,7016582791.4
ON,7031512087.74
PPC,7075347445.98
WIX,7139332365.66
ZG,7161027422.46
Z,7194084675.42
CONE,7230726806.96
DBX,7263180669.78
TECH,7280658036.72
CG,7323098064.1
PTC,7363424028.54
CGNX,7464695562.54
IEI,7502440000.0
JAZZ,7550428885.65
LKQ,7628074492.5
DOCU,7631558000.0
LAMR,7651704406.5
NDSN,7666736796.65
FFIV,7674394580.23
POOL,7725307768.08
VOD,7726634810.4
CZR,7767210049.2
ARCC,7821794811.87
NWSA,7829467078.32
QGEN,7835862000.0
UBNT,7852876550.6
MASI,7859162593.96
MDB,7872162171.64
GLPI,8026991985.84
EEFT,8034634882.42
NWS,8045977005.0
RGLD,8094011303.02
COUP,8102474130.79
BPY,8152490047.64
QRVO,8219013365.46
ICLR,8292968338.3
SAGE,8406142470.89
SEIC,8409005295.36
CY,8431470262.38
NVCR,8479476925.71
CACC,8626043618.19
ABMD,8627474442.69
DOX,8639253000.0
NBIX,8643263866.38
TER,8716521107.8
FWONA,8781422045.17
ALNY,8790964811.55
PODD,8823170210.47
AGNC,8858216300.01
AGNCB,8872586625.63
SCZ,8905118000.0
HSIC,9052708339.56
SNY,9062634841.5
AZPN,9083258054.83
GH,9175719623.7
SRPT,9187732137.03
TRMB,9197884243.34
FWONK,9252969846.49
MYL,9306293374.84
IONS,9403684945.14
ETFC,9681290493.71
OLED,9739272389.75
SIVB,9798509696.36
BYND,9803037250.8
TW,9824443329.37
STNE,9961498873.64
VMBS,10110456578.1
OTEX,10132283297.1
ZS,10241447132.0
ACWI,10298020000.0
JBHT,10409894137.5
NCLH,10544865116.84
JKHY,10668000495.18
NTAP,10683393604.98
VIAB,10778724072.64
ZBRA,10829781772.68
REG,10842619035.06
CHRW,11153783862.76
ERIE,11216176686.0
WYNN,11227570394.22
SSNC,11256784550.56
TTD,11263465888.71
VIA,11601650611.12
AAL,11621566000.8
XRAY,11691167647.6
YNDX,11725850988.5
TSCO,11907413506.56
CTXS,11950053895.77
EXPD,11984553757.8
STX,12007155541.21
LNT,12077946612.9
SGEN,12449219533.38
LSXMA,12526919151.9
IGSB,12697923000.0
LSXMK,12698390288.58
BMRN,12869274447.89
HBAN,12910745373.92
SWKS,13047721152.66
HOLX,13124729559.1
LBTYK,13214911304.25
VXUS,13285044857.94
ODFL,13292244023.76
CBOE,13352276937.5
MKTX,13466293208.88
DISCK,13720084934.16
FTNT,13800718880.27
AKAM,13871727591.04
ALGN,13920695849.49
DXCM,13997049311.5
IEP,14023939314.84
MXIM,14226037103.18
SYMC,14245629002.35
TTWO,14285340160.66
HAS,14438637761.17
OKTA,14480824064.64
GRMN,14544736001.18
IXUS,14594800000.0
PFG,14617293312.09
DISCA,14779198073.67
DISH,14902554317.7
ROKU,15176683303.32
EMB,15255492000.0
ASML,15275195324.32
EXAS,15299983402.48
ACGL,15523182488.99
CTRP,15646540165.2
NDAQ,15698036330.0
FANG,15702713995.33
TLT,15821934000.0
CDW,15920049405.66
WDC,15947865028.72
LYFT,15951977033.58
PFF,16168316000.0
MRVL,16326700000.0
CHKP,16367269505.08
DVY,16637745000.0
FAST,16721231513.76
SHY,16932051000.0
CPRT,17025378410.04
ANSS,17245703281.02
IEF,17363346000.0
INCY,17433300946.74
CINF,17467177505.6
LBRDA,17498745568.71
LBRDK,17807365420.01
NTRS,18474157433.62
EXPE,18554225000.0
MBB,18605850000.0
FITB,18634693344.73
ULTA,18764935503.0
SPLK,18861566776.0
CDNS,18974762690.0
SNPS,18993716861.65
LBTYB,19019153321.28
NTES,19123959163.43
BNDX,19806116912.4
IAC,20262083604.0
MCHP,20688370145.1
FOX,20889666020.52
FOXA,20908284261.18
UAL,21054714384.55
KLAC,21190032550.82
HBANO,21199896338.97
CSGP,21930288859.62
PCAR,21939022277.7
CERN,22102907939.58
DLTR,22135232821.24
MTCH,22346192508.09
LULU,22756535344.84
IDXX,23227963675.37
VCIT,23450702837.38
AMTD,23679760790.1
VRSN,23896908674.24
ALXN,24138023416.7
VCSH,24165484304.44
SHV,24281172000.0
WLTW,24552806277.76
TROW,24819131455.44
VRSK,25031142878.49
ZM,25242723291.15
INFO,25350646158.81
EA,25963729957.1
XLNX,26013236434.14
CTAS,26310472652.08
BIDU,26431353434.5
SIRI,26698895340.0
JD,27414635330.51
NXPI,27872487272.52
ORLY,28266126290.01
LRCX,28669950500.0
SBAC,28813642429.0
PAYX,29128547121.66
MNST,30573179879.62
MELI,30820172720.0
KHC,31132838252.56
XEL,31302349312.74
GOLD,31863522110.94
REGN,32239095859.63
ADSK,32266508693.6
AMD,32826921896.16
EBAY,33248589064.36
CTSH,33496453031.6
TEAM,33625795152.43
ATVI,34715594044.4
AABA,36324234710.72
ROST,37260950269.36
TSLA,39339924229.18
ADI,40788360950.37
MAR,41779166443.85
BIIB,41817873264.96
ILMN,41905290000.0
WDAY,41984020000.0
AMOV,43072094201.85
AMAT,43725461233.59
BND,43761223251.18
WBA,45527461969.83
EQIX,45792196714.44
VRTX,46145573081.79
MU,46403894053.16
CSX,51546193680.64
ISRG,57679733079.18
TMUS,65733041749.06
CELG,65834975641.4
INTU,69448710407.65
FISV,69585095065.6
QQQ,70728120000.0
ADP,71097194414.08
CME,74605638345.7
MDLZ,76722406653.2
GILD,79938669960.72
BKNG,80398085834.57
CHTR,83093990354.7
QCOM,86165819618.88
NVDA,91392630000.0
AVGO,108100860298.56
TXN,112594564402.2
SBUX,113619240000.0
COST,117929470225.9
AMGN,119262582019.14
PYPL,121515270107.05
NFLX,130960791555.02
ADBE,137699559228.92
PEP,180531646227.36
CMCSA,192571030042.16
INTC,203204100000.0
CSCO,216647897534.88
FB,512703733995.58
GOOGL,807289028987.5
GOOG,807316764921.5
AMZN,872058768204.4
AAPL,916263745000.0
MSFT,1022992151412.0